time,DCGM_FI_DEV_GPU_TEMP,DCGM_FI_DEV_POWER_USAGE,DCGM_FI_DEV_SM_CLOCK,DCGM_FI_PROF_PIPE_TENSOR_ACTIVE
1790969727,44,16.637,210,0
1790969787,59,72.009,900,0.950272
1790969847,63,71.99,885,0.950959
1790969907,64,71.892,900,0.951042
1790969967,64,72.035,885,0.951417
1790970027,64,71.959,885,0.951563
1790970087,64,71.971,870,0.950871
1790970147,64,72.197,885,0.948897
1790970207,64,71.68,900,0.950412
1790970267,64,71.905,885,0.95095
1790970327,64,72.091,885,0.950431
1790970387,64,71.949,885,0.950743
1790970447,64,72.026,885,0.950893
1790970507,64,72.155,885,0.951072
1790970567,64,72.167,885,0.951212
1790970627,64,71.778,885,0.9511
1790970687,64,72.157,870,0.951055
1790970747,64,71.92,885,0.951491
1790970807,64,72.047,900,0.951375
1790970867,64,71.937,900,0.950953
1790970927,64,72.013,885,0.950533
1790970987,64,72.065,900,0.950743
1790971047,64,71.989,870,0.95063
1790971107,64,71.91,885,0.951105
1790971167,64,71.937,900,0.951011
1790971227,64,72.054,885,0.949871
1790971287,64,72.053,885,0.94962
1790971347,64,72.18,885,0.950792
1790971407,64,72.167,885,0.950247
1790971467,64,71.831,915,0.95062
1790971527,64,71.787,885,0.950963
1790971587,64,72.141,885,0.949812
1790971647,64,71.952,900,0.950167
1790971707,64,71.9,885,0.951007
1790971767,64,71.902,885,0.950402
1790971827,64,71.99,900,0.950535
1790971887,64,72.017,885,0.950331
1790971947,64,71.948,885,0.949583
1790972007,64,72.114,885,0.950051
1790972067,64,71.992,885,0.949792
1790972127,64,71.837,885,0.949688
1790972187,64,72.061,885,0.950508
1790972247,64,72.097,930,0.950158
1790972307,64,72.264,900,0.951149
1790972367,64,72.07,900,0.950553
1790972427,64,72.185,885,0.950752
1790972487,64,72.012,885,0.950277
1790972547,64,71.854,885,0.95051
1790972607,64,72.017,900,0.950738
1790972667,64,71.876,885,0.949704
1790972727,64,71.734,885,0.950475
1790972787,65,71.646,900,0.950705
1790972847,65,72.026,885,0.95015
1790972907,65,72.185,900,0.94946
1790972967,65,71.946,900,0.949883
1790973027,65,71.906,900,0.94999
1790973087,65,72.107,885,0.950211
1790973147,65,71.915,930,0.949761
1790973207,65,72.238,885,0.950039
1790973267,65,71.407,885,0.949657
1790973327,65,71.823,900,0.950399
1790973387,65,71.99,945,0.950234
1790973447,65,71.848,885,0.950402
1790973507,65,71.844,900,0.95059
1790973567,65,72.125,900,0.951224
1790973627,65,71.68,885,0.950517
1790973687,65,72.106,885,0.950047
1790973747,65,72.15,885,0.949636
1790973807,65,71.827,885,0.949967
1790973867,65,71.867,885,0.95016
1790973927,65,72.023,900,0.950129
1790973987,65,72.005,900,0.950413
1790974047,64,72.035,885,0.94958
1790974107,65,71.893,900,0.950038
1790974167,65,72.061,885,0.949971
1790974227,65,71.814,900,0.951274
1790974287,65,72.101,900,0.949814
1790974347,65,72.052,900,0.950192
1790974407,65,72.072,885,0.949755
1790974467,65,71.956,885,0.949707
1790974527,65,71.959,915,0.949938
1790974587,65,71.699,900,0.950198
1790974647,65,71.911,885,0.949316
1790974707,65,72.193,870,0.949579
1790974767,65,72.185,885,0.950209
1790974827,65,72.074,885,0.950307
1790974887,65,72.132,885,0.95056
1790974947,65,71.894,885,0.950521
1790975007,65,71.926,870,0.951522
1790975067,65,72.13,900,0.94994
1790975127,65,71.928,885,0.950766
1790975187,65,72.211,915,0.950529
1790975247,65,71.87,870,0.949447
1790975307,65,71.897,885,0.950069
1790975367,65,72.129,885,0.950365
1790975427,65,72.036,870,0.950667
1790975487,65,71.873,885,0.949613
1790975547,65,71.703,900,0.949866
1790975607,65,72.154,885,0.949671
1790975667,65,71.777,885,0.950287
1790975727,65,71.916,885,0.949939
1790975787,65,71.864,900,0.950063
1790975847,65,72.117,885,0.950212
1790975907,65,71.906,885,0.950573
1790975967,65,71.676,900,0.94959
1790976027,65,71.733,885,0.950963
1790976087,65,72.091,900,0.950108
1790976147,65,71.738,885,0.950133
1790976207,65,72.061,885,0.950334
1790976267,65,71.857,900,0.950844
1790976327,65,72.139,885,0.951056
1790976387,65,71.844,900,0.9513
1790976447,65,72.013,885,0.950757
1790976507,65,71.894,870,0.951526
1790976567,65,72.097,885,0.951131
1790976627,65,71.92,885,0.950832
1790976687,65,71.937,885,0.950279
1790976747,65,71.864,885,0.949625
1790976807,65,72.042,885,0.949905
1790976867,65,71.963,885,0.949979
1790976927,65,71.999,885,0.950403
1790976987,65,71.699,885,0.950115
1790977047,65,72.035,900,0.950712
1790977107,65,72.06,885,0.950121
1790977167,65,72.149,885,0.950391
1790977227,65,72.173,885,0.950464
1790977287,65,71.955,885,0.950584
1790977347,65,71.579,885,0.94969
1790977407,65,72.114,885,0.951048
1790977467,65,71.942,915,0.950633
1790977527,65,72.131,885,0.95068
1790977587,65,71.858,885,0.950318
1790977647,65,71.902,885,0.950637
1790977707,65,72.032,870,0.950676
1790977767,65,72.007,885,0.950094
1790977827,65,71.741,885,0.950535
1790977887,65,72.039,885,0.950498
1790977947,65,71.92,900,0.95003
1790978007,65,71.849,885,0.950212
1790978067,65,72.145,885,0.949949
1790978127,65,72.332,930,0.949646
1790978187,65,71.956,885,0.949326
1790978247,65,72.102,900,0.950223
1790978307,65,71.964,885,0.950454
1790978367,65,72.26,885,0.949909
1790978427,65,71.933,885,0.949801
1790978487,65,72.047,885,0.949534
1790978547,65,71.964,885,0.949561
1790978607,65,71.964,900,0.949908
1790978667,65,72.003,885,0.950139
1790978727,65,71.793,915,0.950664
1790978787,65,71.884,885,0.950234
1790978847,65,72.148,900,0.950301
1790978907,65,72.241,885,0.950704
1790978967,65,72.061,885,0.95053
1790979027,65,71.765,885,0.950809
1790979087,65,72.017,885,0.949522
1790979147,65,71.823,885,0.950106
1790979207,65,71.988,870,0.949928
1790979267,65,71.987,885,0.949333
1790979327,65,71.866,885,0.949622
1790979387,65,71.968,900,0.949986
1790979447,64,71.876,900,0.95009
1790979507,65,71.883,900,0.950029
1790979567,65,72.282,885,0.949939
1790979627,65,72.187,885,0.9508
1790979687,65,72.089,885,0.949885
1790979747,64,71.866,885,0.949991
1790979807,64,71.906,885,0.949961
1790979867,65,71.849,900,0.949732
1790979927,65,72.017,885,0.950549
1790979987,65,72.009,900,0.949929
1790980047,65,71.948,885,0.949664
1790980107,65,72.05,885,0.94978
1790980167,65,71.942,885,0.950028
1790980227,64,72.026,885,0.950069
1790980287,65,72.117,885,0.950246
1790980347,65,71.955,885,0.949414
1790980407,65,72.083,885,0.950006
1790980467,65,71.898,885,0.949914
1790980527,65,71.845,885,0.950138
